text,true_label,pred_label
The result before taxes was a loss of 25.0 million euros .,neutral,negative
"The staff reduction will start immediately , Glaston added .",negative,neutral
"The total headcount reduction will be 50 persons , the company said .",negative,neutral
"This order , when delivered , will bring the total output of electricity in Italy generated by Wartsila equipment to more than 1,300 MW .",neutral,positive
"This rating from A.M. Best is the highest among the CIS countries , Central and Eastern Europe .",neutral,positive
"UPM is the biggest producer of magazine paper in Europe , with a market share of over 30 pct , and it is likely to say that prices in the segment were at best flat during the quarter , analysts said .",neutral,positive
"Vacon aims to establish its presence in the solar energy business in various parts of the world towards the end of 2010 , said Olli Teva , marketing director renewable energy applications .",neutral,positive
"We look forward to take part in the future development of the company , '' says Tomas Billing , President of Nordstjernan .",neutral,positive
"With the government exempting certain stainless steel products from anti-dumping duties , Finland-based Outokumpu today said it will look to enter into supply pacts with the Indian Railways soon .",neutral,positive
The personnel reductions will primarily affect those working for the parent company in the diagnostics business or in production and logistics in the liquid handling business .,negative,neutral
"In the Asia-Pacific region , Visa Wave is available in Malaysia , Taiwan and South Korea and will be expanded to Japan and Southeast Asia this year , Jung added .",positive,neutral
"In the third quarter of fiscal 2008 Efore swung to a net loss of EUR 400,000 versus a net profit of EUR 200,000 for the corresponding period of fiscal 2007 .",negative,positive
"Net sales for the financial year 2006 are expected to amount to about EUR20m and the operating result EBIT is expected to be a loss , as announced before .",negative,positive
Operating loss totaled EUR 25mn compared to a profit of EUR 63mn in the corresponding period in 2005 .,negative,positive
"Production levels have been agreed with producers a long time ago , so a fall in consumption will lead to losses .",negative,positive
Return on investment ROI was 4.1 % compared to 43.8 % in the first half of 2008 .,negative,positive
"SSH COMMUNICATIONS SECURITY CORP STOCK EXCHANGE RELEASE OCTOBER 14 , 2008 AT 2:45 PM The Company updates its full year outlook and estimates its results to remain at loss for the full year .",negative,neutral
"The sale will result in a capital loss of EUR5m for Solidium , which obtained Tikkurila shares in March 2010 .",negative,positive
- The Group - s result before taxes was EUR -1.9 ( -3.0 ) million .,negative,neutral
"- The Group 's sales during the period were EUR 37.5 million ( EUR 48.2 million , 1-9 2008 ) and result before taxes was a loss of EUR -3.5 ( 1.2 ) million .",negative,neutral
Finnish media group Talentum has issued a profit warning .,negative,neutral
"Finnish shipping company Finnlines ' pretax loss totalled EUR 6.5 mn in the third quarter of 2009 , compared to a profit of EUR 0.3 mn in the third quarter of 2008 .",negative,positive
"In Finland , the city of Forssa has said it will not pay compensation to food industry companies HK Ruokatalo and Atria for the lye leak into tap water that occurred in March 2008 .",negative,neutral
"According shipping company Viking Line , the EU decision will have a significant financial impact .",neutral,positive
"According to CEO Matti Perkonoja of the parent company HKScan , the company 's performance in the first quarter of 2010 has remained clearly below the level of the corresponding period in 2009 .",negative,positive
"At some point in 2010 , all separate company names , such as Palmberg , Tekmanni , Lemcon , Forssan Betoni , Suonenjoen Betonituote , among others , will disappear .",neutral,negative
"Cencorp 's net sales in the first quarter is estimated to be EUR0.9-1 .2 m , as compared to EUR4 .5 m in the first quarter 2008 .",negative,positive
Diluted earnings per share ( EPS ) stood at EUR 0.25 versus EUR 0.42 .,negative,positive
Earnings per share ( EPS ) amounted to a loss of EUR0 .05 .,negative,neutral
Earnings per share ( EPS ) amounted to a loss of EUR0 .38 .,negative,neutral
Earnings per share ( EPS ) amounted to a loss of to EUR0 .06 .,negative,neutral
Earnings per share were at loss of EUR0 .24 .,negative,neutral
Expense ratio was 102.6 % compared to 92.9 % in the corresponding period in 2005 .,negative,positive
Finnish automation solutions developer Cencorp Corporation ( OMX Helsinki : CNC1V ) issued on Thursday ( 18 September ) a profit warning for the third quarter of 2008 .,negative,neutral
Finnish forest industry group Stora Enso Oyj issued on Thursday ( 20 March ) a profit warning for the first quarter 2008 .,negative,neutral
Finnish technology company Raute Corporation ( OMX Helsinki : RUTAV ) issued on Tuesday ( 23 September ) a profit warning for the financial year 2008 .,negative,neutral
"In Q1 of 2009 , the company 's operating loss totalled EUR 0.3 mn , compared to a profit of EUR 3.6 mn in Q1 of 2008 .",negative,positive
"In the reporting period , EPS stood at EUR0 .07 versus EUR0 .11 .",negative,positive
"Loss after financial items totalled EUR 9.7 mn , compared to a profit of EUR 1.3 mn in the corresponding period in 2008 .",negative,positive
Loss for the period totalled EUR 15.6 mn compared to a profit of EUR 6.3 mn in 2008 .,negative,positive
"Myllykoski , with one paper plant in Finland , one in the US and three in Germany , had revenues of EUR286m in the first half of 2010 and an operating loss of EUR12m , Reuters said .",negative,neutral
Operating loss amounted to EUR 0.9 mn in the first half of 2006 compared to a profit of EUR 0.5 mn in the first half of 2005 .,negative,positive
"Operating loss of the Pulp Paper Machinery unit was over EUR 3mn in September 2007 - August 2008 , compared to a profit of EUR 3.7 mn a year earlier .",negative,positive
Operating loss totaled EUR 0.3 mn compared to a profit of EUR 2.2 mn in the corresponding period in 2007 .,negative,positive
"Operating loss totaled EUR 0.8 mn , compared to a profit of EUR 0.5 mn .",negative,positive
"Operating loss totalled EUR 12.7 mn , compared to a profit of EUR 17.7 mn in the first half of 2008 .",negative,positive
"Operating loss totalled EUR 3.2 mn , compared to a profit of EUR 7.2 mn in the third quarter of 2008 .",negative,positive
"Operating loss totalled EUR 4.0 mn , compared to a profit of EUR 8.6 mn in the second quarter of 2008 .",negative,positive
"Operating loss totalled EUR 5.2 mn , compared to a loss of EUR 3.4 mn in the corresponding period in 2008-2009 .",negative,positive
"Operating profit before non-recurring items was EUR 8.3 mn in the first nine months of 2008 , compared to EUR 8.4 in the corresponding period in 2007 .",negative,positive
Pretax loss totaled EUR 117mn compared to a loss of EUR 65mn in the corresponding period .,negative,positive
Pretax loss totalled EUR 162.3 mn compared to a profit of EUR 253.5 mn in 2007 .,negative,positive
"Pretax loss totalled EUR 49.9 mn , compared to a loss of EUR 15.4 mn in the corresponding period in 2008 .",negative,positive
Pretax profit totaled EUR 4.9 mn compared to EUR 5.2 mn in the first quarter of 2005 .,negative,positive
"Publishing Sweden 's operating loss was EUR 1.1 mn in Q1 of 2009 , compared to a profit of EUR 0.6 mn a year ago .",negative,positive
Raisio 's malting capacity was in full use in 2008 .,positive,neutral
"Raw materials prices have surged in the past year , fueled in part because of the rapid industrialization of China , India and other developing nations .",negative,positive
Rivals say Qualcomm has fewer patents on 3G phones than on earlier versions and should lower its rates .,negative,positive
The company reported today an operating loss of EUR0 .1 m on net sales of EUR4 .5 m for the first quarter 2008 .,negative,neutral
"The company 's annual loss amounted to EEK 18mn , compared to a profit of EEK 7.3 mn in 2008 .",negative,positive
"The fair value change of investment properties was EUR 15.8 mn , compared to EUR 22.9 mn in the third quarter of 2009 .",negative,positive
The stock was hit by the profit warning of Finnish rival Rautaruukki Oyj ( OMX : RTRKS ) .,negative,positive
Finnish Bank of land landsbanken has issued a profit warning .,negative,neutral
"Cerberus Capital Management LP-backed printing paper maker NewPage Corp. has posted mixed second-quarter results , casting a cloud over its planned initial public offering .",negative,positive
"Finnish electronics manufacturing services EMS company Elcoteq SE posted a net loss of 66.4 mln euro $ 91.2 mln for the first half of 2007 , compared to a net profit of 7.1 mln euro $ 9.8 mln for the same period of 2006 .",negative,positive
Finnish laboratory liquid handling and diagnostic test systems developer Biohit Oyj OMX Helsinki : BIOBV issued on Tuesday 3 June a profit warning for the financial year 2008 .,negative,neutral
Finnish retail software developer Aldata Solution Oyj reported a net loss of 11.7 mln euro $ 17.2 mln for 2007 versus a net profit of 2.5 mln euro $ 3.7 mln for 2006 .,negative,positive
"Finnish textiles and clothing group Marimekko Oyj posted a net profit of 7.99 mln euro $ 10.4 mln for 2006 , compared to 8.4 mln euro $ 10.9 mln for 2005 .",negative,positive
"In 2009 , Stora Enso 's net loss was EUR 879.7 million compared to EUR 673.4 million in the previous year .",negative,positive
"In January-June 2010 , diluted loss per share stood at EUR0 .3 versus EUR0 .1 in the first half of 2009 .",negative,positive
"In October , UPM reported a third-quarter net loss of euro86 million $ 110 million compared with a net profit of euro120 million in 2007 .",negative,positive
Operating loss amounted to EUR 0.7 mn compared to a profit of EUR 0.8 mn in the second quarter of 2005 .,negative,positive
"Operating loss before non-recurring items was EUR 0.9 mn , compared to a profit of EUR 11.5 mn in 2008 .",negative,positive
"Operating profit margin was 8.3 % , compared to 11.8 % a year earlier .",negative,positive
Operating profit was EUR 1.6 mn in 2005 compared to EUR 5.9 mn in 2004 .,negative,positive
"Operating result showed a loss of EUR 2.9 mn , while a year before , it showed a profit of EUR 0.6 mn .",negative,neutral
Performance in 2006 was impacted by the consolidation trend in the telecom sector and the overall and structural changes in the contract manufacturing market in telecommunications technology and industrial electronics .,negative,neutral
"Salcomp Oyj , the Finnish maker of mobile phone chargers , Monday posted a EUR1 .49 million loss in the second quarter compared with a 1.70 million profit in the same period the previous year .",negative,positive
Scanfil has also issued a profit warning .,negative,neutral
Scanfil issued a profit warning on 10 April 2006 .,negative,neutral
"The operating loss amounted to EUR 0.8 mn , compared to a profit of EUR 3.9 mn a year earlier .",negative,positive
"The period-end cash and cash equivalents totaled EUR6 .5 m , compared to EUR10 .5 m in the previous year .",negative,positive
"The poorest index figure was given to Finnish power company Fortum , 4.5 .",negative,neutral
The real estate company posted a net loss of x201a - 59.3 million x201a - 0.21 per share compared with a net profit of x201a - 31 million x201a - 0.11 per share for the corresponding quarter of 2007 .,negative,positive
"The tightened competition situation in the production automation market has affected net sales during 2006 , Cencorp said .",negative,positive
The talks are aimed at restructuring operations and cutting costs .,positive,neutral
"This transaction supports Huhtamaki 's strategic review of rigid plastic consumer goods operations '' , says Huhtam ki Oyj 's CEO Jukka Moisio .",neutral,positive
This transaction will also rationalize our pulp and paper industry related solutions .,positive,neutral
"Following the transaction , Lundbeck has worldwide rights for nalmefene , excluding North America , Mexico , Turkey and South-Korea .",positive,neutral
The District Court of Helsinki dismissed all charges as the court of first instance in 2005 .,positive,neutral
"The company reported a profit of 800,000 euro ($ 1.2 mln)on the sale of its Varesvuo Partners sub-group and a loss of 400,000 euro $ 623,000 caused by the sale of its program production subsidiary Oy Filmiteollisuus Fine Ab .",neutral,negative
25 March 2011 - Finnish electronics contract manufacturer Scanfil Oyj HEL : SCF1V said today its plan to merge wholly owned Scanfil EMS Group with Ojala-Yhtyma Oy has hit a snag as shareholders of the domestic rival rejected the deal .,negative,positive
As a consequence the Works Council had withdrawn its petition to suspend the reorganisation .,neutral,negative
During the negotiations a reduction of 21 persons has taken place through natural redundancy or termination of fixed-term contracts .,neutral,negative
Elisa CEO Sami Seppanen said EMT 's slogan Best coverage across Estonia '' clearly gives misleading information to consumers .,negative,positive
"In this case , the effect would be negative in Finland .",negative,neutral
Nokia will certainly disagree with Qualcomm 's views on the patent situation .,negative,neutral
"Outokumpu 's steel mill in Tornio , in Finland , is the suspected source .",negative,neutral
"That 's what I go to bed worrying about every night , ' he said .",negative,neutral
"The challenge for the company , however , is finding new sources of raw material , said Risto Rinne , CEO of Neste Oil .",neutral,positive
"The company will try to adapt the operations through temporary lay-offs of different duration , working hour arrangements , training and development efforts .",neutral,negative
The number of bodily injury cases quadrupled in 2000-2006 .,negative,positive
"Tweeple should check who 's following them , and be cautious when clicking on URLs and tinyurls . ''",neutral,positive
"According to Swedish authorities , traces of the very toxic osmium tetroxide have been found on the coast of Per meri , the Northernmost part of the Gulf of Bothnia .",negative,neutral
Finnish Nordic Aluminium is starting employer-employee negotiations in Finland that concern all staff groups .,neutral,negative
"According to Laavainen , Raisio 's food marketing used to be reactive and inconsistent .",negative,neutral
Another problem is cola-flavoured long drinks .,neutral,negative
Applying for summer work is seen as laborious and stressful .,negative,neutral
Chief executive officer Olli-Pekka Kallasvuo 's changes on Tuesday mark the third time in nine months the company has reshuffled executives and operations as Nokia loses ground to Apple 's iPhone and RIM 's BlackBerry .,negative,neutral
"Cuts equivalent to the costs of about 35-45 employees are the target , the company said .",negative,positive
EB announced in its stock exchange release on November 18th 2008 that J.T. Bergqvist has resigned from the chairmanship and membership of the Board of EB .,negative,neutral
"Fortum is looking to invest in several new production units , including a new waste-fired unit at its Brista combined heat and power ( CHP ) plant and a biofuels-based production unit at Vartan CHP plant .",neutral,positive
"In addition , the production at the Varpaisj rvi factory will be stopped at the beginning of April 2009 .",negative,neutral
"In December , Amer announced the dismissal of CEO Roger Talermo , who had headed the company since 2006 .",neutral,negative
Incap Furniture is presently negotiating staff cuts .,negative,neutral
"Initially , the company said a maximum of 15 people would be made redundant in the parent company and about 15 in its subsidiaries .",negative,neutral
It is the most awkward thing to use if you 're holding the phone with one hand .,negative,neutral
"Jul. 18 -- Police are looking for a man who they say terrorized three males at gunpoint on East Maple Avenue this afternoon , shooting one of them and kidnapping another .",negative,neutral
Korhonen was dismissed from her post of editor in chief of the group 's newspaper Lapin Kansa in December 2008 .,negative,neutral
"( ADPnews ) - Dec 1 , 2009 - Finnish cutlery and hand tools maker Fiskars Oyj Abp ( HEL : FISAS ) said today that it will make redundant a total of 18 office and management staff members of its subsidiary Iittala Group Ltd. .",negative,neutral
"( ADPnews ) - Dec 30 , 2009 - Finnish investment group Neomarkka Oyj ( HEL : NEMBV ) said today that it will furlough employee in its unit Reka Cables Ltd for less than 90 days , starting in January 2010 .",neutral,negative
Managing Director Timo Kohtam ki of Lemmink inen Infra nevertheless points out the continued need for infrastructure construction in the Baltic markets .,neutral,positive
"More than 14,000 customers were left powerless .",negative,neutral
Scanfil will execute the temporary lay-offs by mid-October 2009 and the job cuts by March 2010 .,negative,neutral
"So Mr. Galvan made savings adjustments of his own , buying less liquor and watching portion sizes .",neutral,positive
"Some 250 people , of whom more than 200 are workers , will be retiring from the Raahe Works between 2008 and 2011 .",neutral,negative
The adjustments concern staff in both the Specialty Papers and the Fiber Composites segments .,neutral,negative
"The chilled meat products category led the meat , fish and poultry market in Finland , accounting for a share of 31.4 % .",neutral,positive
"The employer-employee talks concerned about 500 people , that is , the whole staff in Finland .",neutral,negative
"The largest restructuring is planned for Italy , where negotiations on about 40 job cuts are to be initiated today , the company noted .",negative,neutral
The measures result from weak demand in the shipbuilding industry .,negative,positive
"The negotiations concern personnel of Cencorp Corporation and Singulase Oy as whole in Finland and in Sweden , the company said .",neutral,negative
The production is to be liquidated before June 2009 and 325 employees loose their jobs .,negative,neutral
"The prosecutor is also demanding Outokumpu pay a fine of EUR 800,000 at most .",negative,neutral
"The redesigned crushing circuit has been in operation since the start of September and its overall production rate on a weekly basis is in excess of an average of 40,000 tonnes a day .",neutral,positive
They are also upset that some of the machinery and work is taken over to Poland .,negative,neutral
This is due to the postponement of the decision-making of projects in the negotiation phase from the earlier estimation .,neutral,negative
"We are adjusting to the present situation by cutting our capacity and costs without , however , jeopardising our Asia strategy over the longer term .",neutral,positive
"When the web user clicks on the link contained in the mail , he finds himself on a bogus site that imitates that of his bank , and which retrieves his personal banking data .",negative,neutral
"Neste Oil has responded to the challenge posed by the European Union 's target of biofuels accounting for 5.8 % of traffic fuel usage in the EU by 2010 by developing its NExBTL technology for producing diesel fuel from renewables , '' the federation said .",positive,neutral
"There 's the issue of thieves stealing them from building sites , '' said Mr Smith .",negative,neutral
"Belarus OAO Lidskoe Pivo brewery , based in the Grodno Region , reported a 1.1 % decrease in output to 1.045 million decaliters in January-March 2010 , a representative in the administration of the company told .",negative,positive
"However , the suspect stole his burgundy Nissan Altima .",negative,neutral
Layoffs will also take place at the Suomussalmi and Kuhmo plants this autumn as a result of codetermination negotiations held there .,negative,neutral
"Motorola , the world 's second-largest maker of cell phones , unveiled the new phone Tuesday in a bid to resurrect its ailing handset business .",neutral,positive
Temporary layoffs in these units have already started .,neutral,negative
The current reference grade instruments are challenging to operate due to their high price and complexity for routine use .,negative,neutral
The difference can be explained by the fact that two shipping companies have stopped operating in the Gulf of Finland .,neutral,negative
"The dollar fell , though , against the pound and the yen .",negative,neutral
The measures result from the statutory joint negotiations with employees which started in February and concerned all operations in the country .,neutral,negative
The number of salaried employees and group administration employees to be dismissed from the Sievi units is 17 .,negative,neutral
"The talks concerned about 160 people in Finland and the initial estimate was for about 35 redundancies , Fiskars said .",neutral,negative
The total number of filling stations has been on the decrease recently .,negative,neutral
"zip , '' experts warned Tuesday .",neutral,negative
Finnish industrial group Ruukki Group has brought counter action against Finnish metal company Rautaruukki in the dispute concerning the names of the companies .,negative,neutral
Those uncertainties cloud the long-term outlook . '',negative,neutral
"20 October 2010 - Finnish environmental management company Lassila Tikanoja Oyj HEL : LAT1V , or L T , said Monday it expects its operating profit , excluding non-recurring items , for the whole 2010 to be slightly lower than in 2009 .",negative,positive
"According to the Latvian business register , Uponor Latvia closed in red with LVL 99,000 EUR 139,538.17 USD 194,556.48 on turnover of LVL 2.346 mn for 2009 .",negative,neutral
"Dolce Gabbana has asked the European Union to declare Marimekko Corporation 's Unikko '' floral pattern trademark invalid , in a continuing dispute between the two companies .",negative,positive
"ADP News - May 29 , 2009 - Bank of America BofA downgraded today its ratings on Swedish-Finnish paper maker Stora Enso Oyj HEL : STERV and on Finnish sector player UPM-Kymmene Oyj HEL : UPM1V to underperf",negative,positive
Operating profit excluding non-recurring items totaled EUR 5.4 mn compared to EUR 5.5 mn in the corresponding period in 2007 .,negative,positive
"Raute reported a loss per share of EUR0 .86 for the first half of 2009 , against EPS of EUR0 .74 in the corresponding period of 2008 .",negative,positive
The hack had been extra nefarious because the tweets activated without being clicked on - it was enough for Web surfers to move their mouse cursors over them .,negative,neutral
The situation of coated magazine printing paper will continue to be weak .,negative,positive
A high court in Finland has fined seven local asphalt companies more than lion ( $ 117 million ) for operating a cartel .,negative,positive
"The Estonian electronic components factory , Elcoteq , is running out of material because of the closure of air traffic .",negative,neutral
"At present , the trade mark Pit-Produkt is little-known outside the North-West of Russia .",negative,neutral
"Divisional sales demand in the half remained inconsistent '' , it added .",negative,positive
Earnings per share ( EPS ) dropped to EUR 0.21 from EUR 0.31 .,negative,positive
"Finnair 's passenger load factor , which measures the number of sold seats as a share of all available seats , dropped by 1.3 percentage points to 76.7 % in September .",negative,positive
"Frost sold shares for $ 19 million at $ 6.06-7 .12 per share , compared with Friday 's high of $ 11.33 and low of $ 10.14 .",negative,positive
Glaston 's net profit for the third quarter of 2007 dropped to 2.4 mln euro ( $ 3.5 mln ) from 3.5 mln euro ( $ 5.1 mln ) for the corresponding period of 2006 .,negative,positive
"In Q1 of 2009 , the company 's result before taxes from continuing operations , excluding non-recurring items , totalled EUR -0.4 mn , compared to EUR -0.1 mn in the corresponding period in 2008 .",negative,positive
L T 's net profit for the whole 2010 dropped to EUR 36 million from EUR 45 million for 2009 .,negative,positive
"Net cash from operating activities was a negative EUR 0.3 mn , compared to EUR 30.9 mn in 2009 .",negative,positive
Okmetic expects its net sales for the first half of 2009 to be less than in 2008 .,negative,positive
Operating profit excluding non-recurring items was EUR 7.8 million compared to EUR 11.2 million .,negative,positive
Reported operating margin was a negative 5.9 % .,negative,neutral
Stora Chief Executive Jouko Karvinen has described the Russian tariff hikes as a threat to the future of the forest products industry in Finland .,negative,neutral
The acquisition of landsbanken Sverige in 2009 burdened the performance with EUR 3.0 mn .,negative,positive
"The currency effect had a 3.0 pct , or 20 mln euro ( $ 31.3 mln ) , negative impact on the revenue .",negative,positive
The Finnish company previously said its operating result will be lower than the break-even posted a year earlier .,negative,positive
The maritime administration said the ships had ignored warnings about the icy conditions .,negative,neutral
"The offer , deemed too low by Finnlines ' board , stands until 4 pm tomorrow .",negative,neutral
The recent troubles simply make NETeller cheaper .,negative,positive
The union filed a grievance over the company 's overtime assignment policies .,negative,neutral
"Therefore , the company 's 2005 result will remain weaker than that of 2004 .",negative,positive
Vaisala 's net profit for the third quarter of 2007 dropped to 3.0 mln euro ( $ 4.3 mln ) from 6.8 mln euro ( $ 9.8 mln ) for the same period of 2006 .,negative,positive
"The considerably weaker U.S. dollar and British pound had an impact on sales and average prices in euros , '' UPM said .",negative,neutral
"The implementation of these programs has had , and will have , negative impacts on 2006 and 2007 earnings , '' Mr Meiklejohn said .",negative,positive
"We see that the market continues to be tight in magazine papers , and our target is to close the deals by the end of the year . ''",negative,positive
EPS dropped to EUR0 .2 from EUR0 .3 .,negative,positive
"Kiosk and cinema operations have suffered , in particular .",negative,positive
Kone shares dropped 4.1 percent to x20ac 43 US$ 55.77 in Helsinki .,negative,positive
Ramirent made 18 million kroons EUR 1.15 mln loss last year the year before the company was 7.3 million kroons in the black .,negative,neutral
Return on capital employed ROCE was a negative 2.3 % compared to 11.3 % in 2007 .,negative,positive
Stora Enso 's target has been cut to EUR 4.85 from EUR 5.55 and Holmen 's target -- to SEK 135 from SEK 150 .,negative,positive
The dismissed staff members will now take the matter to court unless it can be settled outside .,negative,neutral
"The EU Commission said earlier it had fined ThyssenKrupp , United Technologies Corp 's Otis , Schindler AG and Kone Oyj a total of 992.3 mln eur for alleged cartel activity in the lift market going back twelve years .",negative,neutral
"The one dark spot on the horizon , however , was the company 's performance in the Finnish bottled water market .",negative,positive
"YIT lodged counter claims against Neste Oil totaling some EUR25m , primarily based on work carried out under the contract and additional costs incurred due to prolongation of the project .",negative,neutral
"The broker highlights Cargotec as its preferred stock in the sector , as it is a pure play on global cargo and container handling , and it expects it to play an active role in further consolidating the industry .",positive,neutral
This ideally placed them in a position to tap into the potential of clean technology .,neutral,positive
"Thanks to his wide contact network and good knowledge of market and business environment , he will give a great contribution to the further development of our Indian operations '' , tells Incap 's President CEO Juhani Hanninen .",positive,neutral
"I use natural fibers to make the clothes more comfortable , to allow your skin to breathe and to be eco-friendly .",positive,neutral
"In addition , a good biological durability is achieved . ''",neutral,positive
"In addition , we will launch a versatile online service to complete the traditional printed newspaper , Mr. Valkama says .",neutral,positive
The board further said the company omitted to tender for a substantial part of the works and as such they had rightfully been found non-responsive by the evaluation team .,neutral,positive
"W rtsil 's solution has been selected for its low fuel consumption , environmentally sound technology , and global service support .",positive,neutral
"The previously concluded adaptation measures , concerning other staff , were adequate for the time being , and the planning operations continue as before at the plant , the company said .",positive,neutral
Bioheapleaching makes extraction of metals from low grade ore economically viable .,neutral,positive
"Dubai Nokia has announced the launch of Comes with Music '' , its ground-breaking service which introduces a new way for people to enjoy music .",positive,neutral
"Rapala VMC Corporation STOCK EXCHANGE RELEASE October 10 , 2008 at 11.45 am Kaupthing Bank Oyj ( Kapthing '' ) has informed Rapala VMC Corporation ( Rapala '' ) that it has interrupted the liquidity providing for Rapala 's share for the time being .",negative,positive
"We offer our clients integrated management consulting , total solutions for complex projects and efficient , best-in-class design and supervision .",neutral,positive
"Amer , which bought Salomon from adidas in October , said the job cuts are aimed at boosting competitiveness .",neutral,positive
"However , this increases signaling traffic which wastes network resources and allows fewer smartphones to connect .",negative,positive
"In a note to clients published , the Dutch broker described the company 's third quarter results as soft ' , although it also noted that Elcoteq retained its guidance , dealers said .",neutral,negative
Rosen was cautious about being too optimistic inregard to the second half of the year .,neutral,negative
The first ship has been delayed and is estimated to be completed in spring 2010 .,negative,neutral
"Adjustment to the fall in price level , in contrast , has been less effective .",negative,positive
17 March 2011 - Goldman Sachs estimates that there are negative prospects for the Norwegian mobile operations of Norway 's Telenor ASA OSL : TEL and Sweden 's TeliaSonera AB STO : TLSN in the short term .,negative,positive
"To ensure low operational cost for radio networks , the BTS modules can be configured , software upgraded and diagnosed remotely .",positive,neutral
"Based on the first quarter result , existing order backlog and new order prospects , the company expects that full-year sales will contract by 25 % from 2008 , the gross margin will stay at a healthy level , and the operating profit margin will be lower than in 2008 due to lower sales volume .",negative,positive
"As a result , the Russia 's import restrictions on Finnish dairy companies will be canceled on 6 August 2010 .",positive,neutral
"Only the driver was left in the car with the suspect , who was kidnapped and forced at gunpoint to drive to Durham .",negative,neutral
"The chain has been trying to cut its own costs , pressuring vendors such as fitness equipment manufacturer Precor to slash prices .",neutral,negative
The total need for staff cuts corresponds to about 300 man-years .,negative,positive
"According to product manager Lassi Hietanen , building a power plant that burns mixed waste in Helsinki may not be a good idea because this reduces the production of combined power plants using natural gas .",neutral,negative
"According to Scanfil , demand for telecommunications network products has fluctuated significantly in the third quarter of 2006 , and the situation is expected to remain unstable for the rest of the year .",negative,positive
Finnair believes the strike will cause it daily net losses in excess of EUR 2mn due to canceled reservations and passenger re-routing .,negative,positive
The announcement comes two weeks before a key licensing agreement expires between between the two companies which are embroiled in a disagreement over royalty payments for Texas Instrument chips which use Qualcomm-patented technology .,negative,neutral
"Vanhanen said the strike would be extremely damaging '' as some 1,300 participants and reporters begin to arrive in Finland for the one-day EU summit with Russian President Vladimir Putin in Lahti , about 100 kilometers ( 60 miles ) north of Helsinki .",negative,positive
"Operating result , excluding one-off items , totaled EUR 9.1 mn compared to EUR 10.6 mn in continuing operations , excluding one-off items in 2004 .",negative,positive
"Dealers said the share was largely hit by investor disappointment about a refining margin of just 9.48 usd per barrel for the quarter and the performance of its shipping unit , which saw EBIT drop to 5 mln eur from 20 mln eur a year amid a fall in volumes and tanker rates .",negative,positive
"The result will also be burdened by increased fixed costs associated with operations in China , and restructuring costs in Japan .",negative,positive
Sales were down 14 per cent in Finland and up 27 per cent abroad where sales were lifted by the strong growth in sales in Russia and Lithuania .,neutral,positive
"In Asia earlier , Japan 's Nikkei index fell 0.62 percent and Hong Kong 's Hang Seng Index rose 0.56 percent .",neutral,positive
"Operating profit for the 12-month period decreased from EUR2 .9 m while turnover increased from EUR24 .5 m , as compared to the financial year 2004 .",negative,positive
"Operating profit for the 12-month period decreased from EUR28 .2 m while net turnover increased from EUR313 .42 m , as compared to the financial year 2004 .",negative,positive
"Operating profit for the 12-month period decreased from EUR5 .4 m while net sales increased from EUR62 .0 m , as compared to the financial year 2004 .",negative,positive
"Operating profit for the 12-month period decreased from EUR9 .6 m while net sales increased from EUR69 .0 m , as compared to 2005 .",neutral,positive
"Operating profit for the six-month period decreased from EUR111 .9 m , while sales increased from EUR1 ,275 m , as compared to the corresponding period in 2006 .",neutral,positive
"Operating profit for the six-month period decreased from EUR21m , while net sales increased from EUR436 .9 m , as compared to the corresponding period in 2007 .",negative,positive
"Operating profit for the three-month period decreased from EUR1 .65 m while net sales increased from EUR14 .6 m , as compared to the corresponding period in 2005 .",negative,positive
"In the first half of 2008 , the Bank 's operating profit fell to EUR 11.8 mn from EUR 18.9 mn , while net interest income increased to EUR 20.9 mn from EUR 18.8 mn in the first half of 2007 .",negative,positive
"Operating profit for the 12-month period decreased from EUR157 .5 m , while net sales increased from EUR634 .3 m , as compared to 2007 .",negative,positive
"Operating profit for the 12-month period decreased from EUR17 .9 m while net sales increased from EUR58 .3 m , as compared to 2007 .",negative,positive
"Operating profit for the nine-month period decreased from EUR19 .9 m while net sales increased from EUR155 .7 m , as compared to the corresponding period in 2007 .",negative,positive
"Comparable operating profit for the quarter decreased from EUR510m while sales increased from EUR860m , as compared to the third quarter 2007 .",negative,positive
"Earlier today , Geberit 's Finnish rival Uponor OYJ cut its full-year sales growth forecast to 6 pct from 10 pct , blaming tough conditions in Germany and the US , as well as currency factors .",negative,positive
"The highest growth would be in China , while weakening demand would continue in North America , UPM said .",neutral,positive
"The two companies will also partner in further developing Raiso 's cholesterol lowering brand , Benecol .",positive,neutral
Sales fell abroad but increased in Finland .,neutral,positive
"Since the association 's data do not cover sales figures from about 100 small local breweries and sales of imported beer products , the actual market shares of its members are smaller than those given in the report .",negative,neutral
"At 1.33 pm , the OMX Helsinki 25 was 0.30 pct lower at 2,463.67 and the OMX Helsinki was down 0.37 pct at 8,537.42 on volume of 256 mln eur .",negative,neutral
HELSINKI ( AFX ) - KCI Konecranes said that Franklin Resources Inc 's share of voting rights in the Finnish cranes company fell last week to 4.65 pct from more than 9 pct in October 2005 .,negative,positive
"The OMX Helsinki 25 ended 0.47 pct lower at 3,150.55 and the OMX Helsinki was down 0.21 pct at 10,736.42 on 1.523 bln eur turnover .",negative,neutral
"When this information was released on 5 September 2008 , Nokia 's American Depositary shares fell by 8 % .",negative,neutral
"At 10.33 am , Huhtamaki was the market 's biggest faller , 8.69 pct lower at 11.35 eur , while the OMX Helsinki 25 was 0.32 pct higher at 3,332.41 , and the OMX Helsinki was up 0.47 pct at 11,687.32 .",negative,neutral
"At 12.59 pm , the OMX Helsinki 25 index was 0.32 pct lower at 2,694.81 .",negative,neutral
"At the close , the OMX Helsinki 25 was 0.01 pct lower at 3,067.64 points and the OMX Helsinki was down 0.05 pct at 10,321.46 points on over 1.343 bln eur of turnover .",negative,neutral
"Capacity will ease at its Seikku sawmill in Pori and Alholma sawmill in Pietarsaari and result in 60 people being laid off for around six weeks starting mid-May , it said .",negative,positive
"Sales in local currencies decreased by 0.5 percent while the number of subscribers rose by 12.7 million to a total of 147.6 million at the end of fourth quarter , the company said .",neutral,positive
The measures result from decreased demand in technical design and product information .,negative,positive
The repurchases shall decrease the distributable capital and reserves .,negative,positive
- Net sales for the period are expected to fall well below that of last year and the result after non-recurring items is expected to be in the red .,negative,positive
"HELSINKI AFX - Kesko Corp is expected to report a lower second quarter EPS today due to tax charges , but other earnings lines are seen higher year-on-year , analysts said .",negative,positive
"In Q1 of 2009 , Bank of land 's net interest income weakened by 10 % to EUR 9.1 mn .",negative,positive
"ADPnews - Aug 3 , 2009 - Finnish media group Ilkka-Yhtyma Oyj HEL : ILK2S said today its net profit fell 45 % on the year to EUR 5.9 million USD 8.4 m in the first half of 2009 .",negative,positive
"26 October 2010 - Finnish environmental management company Lassila Tikanoja Oyj ( HEL : LAT1V ) , or L T , said today its net profit declined to EUR20 .9 m for the first nine months of 2010 from EUR27 .6 m for the same period a year earlier .",negative,positive
Finnish Bank of land reports its operating profit fell to EUR 4.9 mn in the third quarter of 2007 from EUR 5.6 mn in the third quarter of 2006 .,negative,positive
"Finnish Scanfil , a systems supplier and contract manufacturer to the communications sector and the electronics industry , reports net sales of EUR 49.6 mn in the first quarter of 2009 , which are only a per cent smaller than in the corresponding period in 2008 .",negative,neutral
Finnish business software group AffectoGenimap Oyj said its net profit halved to 1.2 mln euro ( $ 1.5 mln ) in the first nine months of 2006 from 2.2 mln euro ( $ 2.8 mln ) in the same period of 2005 .,negative,positive
Finnish glass technology company Glaston Oyj Abp net profit decreased to 2.6 mln euro ( $ 3.8 mln ) for the first nine months of 2007 from 7.8 mln euro ( $ 11.4 mln ) for the same period of 2006 .,negative,positive
"Finnish management software solutions provider Ixonos Oyj net profit decreased to 369,000 euro ( $ 575,000 ) for the first quarter of 2008 from 669,000 euro ( $ 1.0 mln ) for the same period of 2007 .",negative,positive
Finnish media company Talentum Oyj 's net profit decreased to 2.5 mln euro ( $ 4.0 mln ) for the first quarter of 2008 from 3.0 mln euro ( $ 4.7 mln ) for the same period of 2007 .,negative,positive
"Insurer Axa ( PAR : CS ) slid by 5.35 % to EUR 14.15 , after Citigroup and ING slashed their targets on the stock .",negative,positive
"( ADP News ) - Feb 11 , 2009 - Finnish wood products technology supplier Raute Oyj ( HEL : RUTAV ) said today its net profit decreased to EUR 4.7 million ( USD 6.1 m ) for 2008 from EUR 6.6 million for 2007 .",negative,positive
"( ADP News ) - Feb 12 , 2009 - Finnish construction company Lemminkainen Oyj ( HEL : LEM1S ) said today its net profit decreased to EUR 63.5 million ( USD 81.1 m ) for 2008 from EUR 80.6 million for 2007 .",negative,positive
"( ADP News ) - Feb 4 , 2009 - Finnish broadband data communication systems and solutions company Teleste Oyj ( HEL : TLT1V ) said today its net profit decreased to EUR 5.5 million ( USD 7.2 m ) for 2008 from EUR 9.4 million for 200",negative,positive
"( ADP News ) - Jan 22 , 2009 - Finnish mobile phones maker Nokia Oyj ( OMX : NOK1V ) said today its operating profit decreased to EUR 5 billion ( USD 6.5 bn ) for 2008 from EUR 8 billion for 2007 .",negative,positive
"( ADPnews ) - May 4 , 2010 - Finnish cutlery and hand tools maker Fiskars Oyj Abp ( HEL : FISAS ) said today its net profit declined to EUR 12.9 million ( USD 17m ) in the first quarter of 2010 from EUR 17 million in the correspond",negative,positive
"( ADPnews ) - Oct 21 , 2009 - Finland-based IT consultancy Tieto Oyj ( HEL : TIE1V ) said today its net profit plunged to EUR 29.4 million ( USD 43.9 m ) for the first nine months of 2009 from EUR 58.7 million for the same period o",negative,positive
Net profit fell by almost half to 5.5 million from 9.4 million at the end of 2007 .,negative,positive
"Net profit in the three months through March 31 fell to ( x20ac ) 103 million ( US$ 165 million ) from ( x20ac ) 131 million a year earlier , the Finnish company said .",negative,positive
Profit for the period fell to EUR 1.6 mn from EUR 7.5 mn in January-September 2008 .,negative,positive
Revenue in the quarter fell 8 percent to ( EURO ) 2.4 billion compared to a year earlier .,negative,positive
The company said that the fall in turnover had been planned .,negative,neutral
The fair value of the company 's investment properties went down to EUR2 .769 bn at the end of September 2009 from EUR2 .878 bn a year earlier .,negative,positive
Commission income fell to EUR 4.6 mn from EUR 5.1 mn in the corresponding period in 2007 .,negative,positive
"Group EBIT for the first half was EUR13 .6 m US$ 17.8 m , falling short of the EUR22 .5 m it posted for the same period of 2009 .",negative,positive
"However , its market share shrank to 47.59 per cent from 48 per cent a year earlier .",negative,positive
"In sales volume , Coca-Cola 's market share has decreased by 2.2 % to 24.2 % .",negative,positive
"In the Baltic countries , development of operations and reorganisation continued , and non-recurring items related to the takeover process lowered earnings .",negative,positive
Talentum 's net sales in September were smaller than expected .,negative,positive
The company 's previous estimate was for a lower revenue than the year-ago EUR 93.9 million .,negative,neutral
The company said that sales in the three months to the end of March slid to EUR86 .4 m US$ 113.4 m from EUR91 .2 m last year .,negative,positive
The terms of the aforementioned funding are considerably below the Bank 's current CDS levels in the market and have a maturity ranging from 1 to 7.5 years .,negative,neutral
UPM stock fell 3 percent to EURO 12.49 $ 17.24 in early afternoon trading in Helsinki .,negative,neutral
"EB Tough VoIP was designed to fulfill the communications needs of military units , and we continue to strive towards achieving that goal , '' Mikko Viitaniemi , EB Elektrobit Defense Products , Wireless Solutions senior manager , said in a statement .",neutral,positive
Low energy consumption and flexible loading are just a few of the advantages of the CHF Pro . '',neutral,positive
"The antibody , administered at repeated doses of up to 8 mg-kg , was generally well tolerated , and the pharmacokinetic characteristics of BTT-1023 in psoriasis patients were consistent with those observed in a previously completed study in rheumatoid arthritis RA patients .",neutral,positive
"- Demand for fireplace products was lower than expected , especially in Germany .",negative,positive
"Currently , the company foresees its pre-tax profit to remain below the 2009 level when it reached EUR 700,000 USD 934,000 , compared with previous projections of a slightly better pre-tax profit .",negative,positive
"However , the orders received during the period under review fell by 17 % quarter-on-quarter from the EUR 213 million recorded in the second quarter of 2010 .",negative,positive
"The announcement pushed Freenet shares down 6.3 % , or EUR0 .71 , in Frankfurt trade to EUR10 .65 as investors gave up hope United Internet AG and Drillisch would pursue their own takeover and breakup of Freenet .",negative,positive
"Changes in the market situation and tougher price competition have substantially reduced demand for bread packaging manufactured at the Kauhava plant , according to the company .",negative,positive
The net sales of the whole fiscal year 2008 will be lower than in 2007 and operating profit is estimated to be negative .,negative,positive
"The steelmaker said that the drop in profit was explained by the continuing economic uncertainty , mixed with the current drought in bank lending , resulting in a decline in demand for its products as customers find it increasingly difficult to fund operations .",negative,positive
"Nokia 's share price fell less than one percent to 18.70 euros ( $ 25.41 ) in Helsinki , while Siemens shares fell 1.02 percent to 90.19 euros ( $ 122.57 ) in Frankfurt .",negative,positive
"UPM-Kymmene Corp. , the world 's largest maker of magazine paper , on Tuesday reported a 19-percent profit drop as lower paper prices , higher costs and a strong euro hurt revenue .",negative,positive
"In Finland , the launch of tie-in sales of 3G mobile phones did not cause a dramatic rush in mobile retail outlets during the first few days .",neutral,positive
Bosse added that Trygvesta does not have the financial strength to acquire the entire unit .,negative,neutral
Finnish meat company Atria can no longer promise a sufficient amount of domestic beef to its customers .,negative,neutral
"Thanks to the internet , consumers compare products more than previously and Finnish companies are not competitive .",negative,neutral
"Qualcomm estimated a first-quarter profit between 46 and 50 cents a share , excluding certain items , below the analyst estimate of 61 cents a share .",negative,positive
Finnish-Swedish Stora Enso does not understand the decision issued by a federal judge in Brazil concerning Stora Enso 's associated pulp company Veracel .,negative,neutral
"As a result of these transactions , the aggregate holdings of Burrill Life Sciences Capital Fund , L.P. has decreased below 5 per cent of the total number of shares and votes of the Company .",negative,neutral
"have notified that as a result of the Company issuing 14,432,000 new shares in the directed offering , the joint holdings of Pequot has decreased below 1-10 to 9.63 % of total number of shares and votes in the Company .",negative,neutral
"The OMX Helsinki index was 0.33 pct lower at 9,364.80 , while the OMX Helsinki CAP portfolio index was down 0.34 pct at 5,029.25 .",negative,neutral
Hobby Hall 's sales decrease 26 pct due to implementing a new information system that involved changing in the principal of posting sales .,negative,positive
"HELSINKI Thomson Financial - Shares in Cargotec fell sharply in early afternoon trade after the cargo handling group posted a surprise drop in April-June profits , which overshadowed the large number of new orders received during the three months .",negative,positive
"Rinkuskiai 's beer sales fell by 6.5 per cent to 4.16 million litres , while Kauno Alus ' beer sales jumped by 6.9 per cent to 2.48 million litres .",neutral,positive
"Net sales of the Paper segment decreased to EUR 221.6 mn in the second quarter of 2009 from EUR 241.1 mn in the second quarter of 2008 , while operating profit excluding non-recurring items rose to EUR 8.0 mn from EUR 7.6 mn .",negative,positive
